0,1019.967,0.022
1.995,1019.934,0.022
3.989,1019.9,0.022
5.983,1019.894,0.022
7.978,1019.9,0.022
9.973,1019.889,0.022
11.967,1019.869,0.022
13.961,1019.845,0.022
15.956,1019.805,0.022
17.951,1019.781,0.022
19.945,1019.785,0.022
21.94,1019.79,0.022
23.934,1019.798,0.022
25.929,1019.798,0.022
27.923,1019.795,0.022
29.917,1019.777,0.022
31.912,1019.752,0.022
33.907,1019.746,0.022
35.901,1019.743,0.022
37.896,1019.736,0.022
39.89,1019.723,0.022
41.885,1019.721,0.022
43.879,1019.719,0.022
45.874,1019.714,0.022
47.868,1019.724,0.022
49.863,1019.74,0.022
51.857,1019.759,0.022
53.851,1019.784,0.022
55.846,1019.757,0.022
57.841,1019.736,0.022
59.835,1019.713,0.022
61.83,1019.676,0.022
63.824,1019.651,0.022
65.819,1019.642,0.022
67.813,1019.627,0.022
69.807,1019.625,0.022
71.802,1019.628,0.022
73.797,1019.623,0.022
75.791,1019.6,0.022
77.786,1019.602,0.022
79.78,1019.616,0.022
81.775,1019.622,0.022
83.769,1019.605,0.022
85.764,1019.602,0.022
87.758,1019.607,0.022
89.753,1019.597,0.022
91.747,1019.595,0.022
93.742,1019.603,0.022
95.736,1019.579,0.022
97.731,1019.553,0.022
99.725,1019.56,0.022
101.72,1019.54,0.022
103.714,1019.516,0.022
105.708,1019.51,0.022
107.703,1019.54,0.022
109.698,1019.558,0.022
111.692,1019.563,0.022
113.687,1019.583,0.022
115.681,1019.591,0.022
117.676,1019.589,0.022
119.67,1019.597,0.022
121.664,1019.601,0.022
123.659,1019.601,0.022
125.654,1019.577,0.022
127.648,1019.549,0.022
129.643,1019.518,0.022
131.637,1019.523,0.022
133.632,1019.565,0.022
135.626,1019.577,0.022
137.621,1019.558,0.022
139.615,1019.548,0.022
141.61,1019.548,0.022
143.604,1019.538,0.022
145.599,1019.549,0.022
147.593,1019.58,0.022
149.588,1019.61,0.022
151.582,1019.609,0.022
153.577,1019.585,0.022
155.571,1019.552,0.022
157.566,1019.516,0.022
159.56,1019.493,0.022
161.555,1019.497,0.022
163.549,1019.493,0.022
165.544,1019.469,0.022
167.538,1019.447,0.022
169.533,1019.448,0.022
171.527,1019.482,0.022
173.522,1019.505,0.022
175.516,1019.476,0.022
177.511,1019.413,0.022
179.505,1019.374,0.022
181.5,1019.352,0.022
183.494,1019.34,0.022
185.489,1019.347,0.022
187.483,1019.335,0.022
189.478,1019.313,0.022
191.472,1019.303,0.022
193.467,1019.318,0.022
195.461,1019.342,0.022
197.456,1019.351,0.022
199.45,1019.364,0.022
201.445,1019.377,0.022
203.439,1019.401,0.022
205.434,1019.4,0.022
207.428,1019.384,0.022
209.423,1019.362,0.022
211.417,1019.342,0.022
213.412,1019.318,0.022
215.406,1019.281,0.022
217.401,1019.243,0.022
219.395,1019.209,0.022
221.39,1019.179,0.022
223.384,1019.133,0.022
225.379,1019.097,0.022
227.373,1019.119,0.022
229.368,1019.133,0.022
231.362,1019.141,0.022
233.357,1019.163,0.022
235.351,1019.189,0.022
237.346,1019.189,0.022
239.34,1019.189,0.022
241.335,1019.188,0.022
243.329,1019.2,0.022
245.324,1019.228,0.022
247.318,1019.252,0.022
249.313,1019.252,0.022
251.307,1019.246,0.022
253.302,1019.273,0.022
255.296,1019.276,0.022
257.291,1019.253,0.022
259.285,1019.253,0.022
261.28,1019.256,0.022
263.274,1019.259,0.022
265.269,1019.235,0.022
267.263,1019.225,0.022
269.258,1019.228,0.022
271.252,1019.262,0.022
273.247,1019.339,0.022
275.241,1019.4,0.022
277.236,1019.408,0.022
279.23,1019.369,0.022
281.225,1019.355,0.022
283.219,1019.325,0.022
285.214,1019.287,0.022
287.208,1019.244,0.022
289.203,1019.198,0.022
291.197,1019.218,0.022
293.192,1019.244,0.022
295.186,1019.259,0.022
297.181,1019.243,0.022
299.175,1019.232,0.022
301.17,1019.299,0.022
303.164,1019.346,0.022
305.159,1019.364,0.022
307.153,1019.375,0.022
309.148,1019.413,0.022
311.142,1019.44,0.022
313.137,1019.419,0.022
315.131,1019.404,0.022
317.126,1019.407,0.022
319.12,1019.432,0.022
321.115,1019.439,0.022
323.109,1019.433,0.022
325.104,1019.413,0.022
327.098,1019.386,0.022
329.093,1019.392,0.022
331.087,1019.412,0.022
333.082,1019.431,0.022
335.076,1019.455,0.022
337.071,1019.456,0.022
339.066,1019.429,0.022
341.06,1019.387,0.022
343.054,1019.371,0.022
345.049,1019.381,0.022
347.043,1019.405,0.022
349.038,1019.42,0.022
351.032,1019.408,0.022
353.027,1019.377,0.022
355.022,1019.398,0.022
357.016,1019.408,0.022
359.01,1019.401,0.022
361.005,1019.4,0.022
363,1019.418,0.022
364.994,1019.444,0.022
366.988,1019.468,0.022
368.983,1019.5,0.022
370.977,1019.507,0.022
372.972,1019.508,0.022
374.966,1019.55,0.022
376.961,1019.587,0.022
378.956,1019.586,0.022
380.95,1019.587,0.022
382.944,1019.601,0.022
384.939,1019.608,0.022
386.934,1019.602,0.022
388.928,1019.591,0.022
390.922,1019.593,0.022
392.917,1019.595,0.022
394.912,1019.597,0.022
396.906,1019.582,0.022
398.9,1019.539,0.022
400.895,1019.534,0.022
402.89,1019.554,0.022
404.884,1019.549,0.022
406.878,1019.528,0.022
408.873,1019.533,0.022
410.868,1019.55,0.022
412.862,1019.563,0.022
414.857,1019.58,0.022
416.851,1019.596,0.022
418.845,1019.595,0.022
420.84,1019.605,0.022
422.834,1019.635,0.022
424.829,1019.654,0.022
426.823,1019.653,0.022
428.818,1019.673,0.022
430.813,1019.692,0.022
432.807,1019.687,0.022
434.801,1019.7,0.022
436.796,1019.72,0.022
438.79,1019.737,0.022
440.785,1019.731,0.022
442.779,1019.739,0.022
444.774,1019.748,0.022
446.769,1019.762,0.022
448.763,1019.781,0.022
450.757,1019.796,0.022
452.752,1019.777,0.022
454.747,1019.755,0.022
456.741,1019.753,0.022
458.735,1019.769,0.022
460.73,1019.783,0.022
462.724,1019.807,0.022
464.719,1019.842,0.022
466.713,1019.866,0.022
468.708,1019.871,0.022
470.703,1019.876,0.022
472.697,1019.862,0.022
474.691,1019.843,0.022
476.686,1019.824,0.022
478.681,1019.818,0.022
480.675,1019.837,0.022
482.67,1019.841,0.022
484.664,1019.819,0.022
486.659,1019.803,0.022
488.653,1019.801,0.022
490.647,1019.808,0.022
492.642,1019.828,0.022
494.637,1019.83,0.022
496.631,1019.832,0.022
498.625,1019.819,0.022
500.62,1019.828,0.022
502.615,1019.866,0.022
504.609,1019.906,0.022
506.604,1019.882,0.022
508.598,1019.864,0.022
510.593,1019.856,0.022
512.587,1019.857,0.022
514.581,1019.862,0.022
516.576,1019.874,0.022
518.571,1019.867,0.022
520.565,1019.855,0.022
522.56,1019.853,0.022
524.554,1019.868,0.022
526.549,1019.857,0.022
528.543,1019.839,0.022
530.538,1019.842,0.022
532.532,1019.85,0.022
534.527,1019.844,0.022
536.521,1019.829,0.022
538.516,1019.835,0.022
540.51,1019.85,0.022
542.505,1019.842,0.022
544.499,1019.815,0.022
546.494,1019.797,0.022
548.488,1019.789,0.022
550.483,1019.812,0.022
552.477,1019.835,0.022
554.471,1019.836,0.022
556.466,1019.846,0.022
558.461,1019.848,0.022
560.455,1019.847,0.022
562.45,1019.828,0.022
564.444,1019.818,0.022
566.439,1019.807,0.022
568.433,1019.798,0.022
570.428,1019.781,0.022
572.422,1019.778,0.022
574.417,1019.77,0.022
576.411,1019.748,0.022
578.406,1019.747,0.022
580.4,1019.789,0.022
582.395,1019.789,0.022
584.389,1019.774,0.022
586.384,1019.773,0.022
588.378,1019.792,0.022
590.373,1019.792,0.022
592.367,1019.816,0.022
594.362,1019.846,0.022
596.356,1019.864,0.022
598.351,1019.867,0.022
600.345,1019.868,0.022
602.34,1019.854,0.022
604.334,1019.846,0.022
606.329,1019.85,0.022
608.323,1019.872,0.022
610.318,1019.889,0.022
612.312,1019.896,0.022
614.307,1019.89,0.022
616.301,1019.881,0.022
618.296,1019.877,
